pearl_id,title,markdown_file,Subject,Topic,image_file,flashcard_deck
PM1083,Cranial nerves involved in efferent and afferent outflow,PM1083_cranial-nerves-involved-in-efferent-and-afferent-outflow.md,Pharmacology,Autonomic Nervous System; ANS,,Pharmacology/Marrow-Pearls/General-Pharmacology-ANS
PM1127,Dose dependent action of dopamine,PM1127_dose-dependent-action-of-dopamine.md,Pharmacology,Autonomic Nervous System; ANS,,Pharmacology/Marrow-Pearls/General-Pharmacology-ANS
PM1145,Muscarinic antagonists indicated for detrusor instability/overactive bladder,PM1145_muscarinic-antagonists-indicated-for-detrusor-instability-overactive-bladder.md,Pharmacology,Autonomic Nervous System; ANS,,Pharmacology/Marrow-Pearls/General-Pharmacology-ANS
PM1168,Non-selective beta blockers with membrane stabilizing action,PM1168_non-selective-beta-blockers-with-membrane-stabilizing-action.md,Pharmacology,Autonomic Nervous System; ANS,,Pharmacology/Marrow-Pearls/General-Pharmacology-ANS
PM1169,Cardioselective beta blockers: Mnemonic,PM1169_cardioselective-beta-blockers-mnemonic.md,Pharmacology,Autonomic Nervous System; ANS,,Pharmacology/Marrow-Pearls/General-Pharmacology-ANS
PM1224,Parenteral drugs used in hypertensive emergencies,PM1224_parenteral-drugs-used-in-hypertensive-emergencies.md,Medicine; Pharmacology,Cardiovascular System; CVS; Emergency Medicine and Critical Care,,Pharmacology/Marrow-Pearls/General-Pharmacology-ANS
PM1488,Types of vasopressin receptors and their functions,PM1488_types-of-vasopressin-receptors-and-their-functions.md,Medicine; Pharmacology; Physiology,Renal System; Endocrine Physiology; Cardiovascular System; CVS,,Pharmacology/Marrow-Pearls/General-Pharmacology-ANS
PM1567,Anti-anginal drugs,PM1567_anti-anginal-drugs.md,Medicine; Pharmacology,Cardiovascular System; CVS,,Pharmacology/Marrow-Pearls/General-Pharmacology-ANS
PM1579,Anti-obesity drugs,PM1579_anti-obesity-drugs.md,Pharmacology; Medicine,Endocrine System; Autonomic Nervous System; ANS,,Pharmacology/Marrow-Pearls/General-Pharmacology-ANS
PM1734,Phases of drug metabolism,PM1734_phases-of-drug-metabolism.md,Pharmacology,General Pharmacology,,Pharmacology/Marrow-Pearls/General-Pharmacology-ANS
PM1735,Difference between microsomal and non microsomal enzymes:,PM1735_difference-between-microsomal-and-non-microsomal-enzymes.md,Pathology; Pharmacology,General Pharmacology; General Pathology,,Pharmacology/Marrow-Pearls/General-Pharmacology-ANS
PM1793,Effect of ANS in the Eye,PM1793_effect-of-ans-in-the-eye.md,Pharmacology; Physiology,Central Nervous System; CNS; Autonomic Nervous System; ANS,,Pharmacology/Marrow-Pearls/General-Pharmacology-ANS
PM2022,Teratogenic drugs and the birth defects,PM2022_teratogenic-drugs-and-the-birth-defects.md,Obstetrics & Gynaecology; Paediatrics; Pharmacology,General Pharmacology; Normal Pregnancy and Antenatal Care; Neonatology,,Pharmacology/Marrow-Pearls/General-Pharmacology-ANS
PM2136,Beta-blockers with vasodilating properties,PM2136_beta-blockers-with-vasodilating-properties.md,Pharmacology,Autonomic Nervous System; ANS,,Pharmacology/Marrow-Pearls/General-Pharmacology-ANS
PM2320,Drugs used in heart failure,PM2320_drugs-used-in-heart-failure.md,Pharmacology; Medicine,Cardiovascular System; CVS,,Pharmacology/Marrow-Pearls/General-Pharmacology-ANS
PM2363,Drugs showing increased absorption in presence of food,PM2363_drugs-showing-increased-absorption-in-presence-of-food.md,Pharmacology,General Pharmacology,,Pharmacology/Marrow-Pearls/General-Pharmacology-ANS
PM2364,Drugs having high first pass metabolism,PM2364_drugs-having-high-first-pass-metabolism.md,Pharmacology,General Pharmacology,,Pharmacology/Marrow-Pearls/General-Pharmacology-ANS
PM2365,Drugs which need Therapeutic Drug Monitoring (TDM),PM2365_drugs-which-need-therapeutic-drug-monitoring-tdm.md,Pharmacology,General Pharmacology,,Pharmacology/Marrow-Pearls/General-Pharmacology-ANS
PM2367,Dialyzable and non-dialyzable drugs,PM2367_dialyzable-and-non-dialyzable-drugs.md,Pharmacology,General Pharmacology,,Pharmacology/Marrow-Pearls/General-Pharmacology-ANS
PM2368,Metabolism of drugs,PM2368_metabolism-of-drugs.md,Pharmacology,General Pharmacology,,Pharmacology/Marrow-Pearls/General-Pharmacology-ANS
PM2369,Drugs metabolised by glucuronidation,PM2369_drugs-metabolised-by-glucuronidation.md,Pharmacology,General Pharmacology,,Pharmacology/Marrow-Pearls/General-Pharmacology-ANS
PM2378,Zero order vs First order kinetics of drugs,PM2378_zero-order-vs-first-order-kinetics-of-drugs.md,Pharmacology,General Pharmacology,images/PM2378_zero-vs-first-order-kinetics.svg,Pharmacology/Marrow-Pearls/General-Pharmacology-ANS
PM2379,Drug regulatory schedules 1940: (2016 update),PM2379_drug-regulatory-schedules-1940-2016-update.md,Pharmacology,General Pharmacology,,Pharmacology/Marrow-Pearls/General-Pharmacology-ANS
PM2414,Drugs causing QT prolongation and torsades de pointes,PM2414_drugs-causing-qt-prolongation-and-torsades-de-pointes.md,Pharmacology,General Pharmacology,,Pharmacology/Marrow-Pearls/General-Pharmacology-ANS
PMO093,Basics of autonomic nervous system,PMO093_basics-of-autonomic-nervous-system.md,Pharmacology; Physiology,Central Nervous System; CNS; Autonomic Nervous System; ANS,,Pharmacology/Marrow-Pearls/General-Pharmacology-ANS
PMO131,Ipratropium vs Tiotropium,PMO131_ipratropium-vs-tiotropium.md,Medicine; Pharmacology,Respiratory System; Autonomic Nervous System; ANS,,Pharmacology/Marrow-Pearls/General-Pharmacology-ANS
PMO355,Phases of Clinical Trials,PMO355_phases-of-clinical-trials.md,Pharmacology; Community Medicine,General Pharmacology; Epidemiology,,Pharmacology/Marrow-Pearls/General-Pharmacology-ANS
PMO505,The drugs which can be given via the Endotracheal Route,PMO505_the-drugs-which-can-be-given-via-the-endotracheal-route.md,Anaesthesia; Pharmacology,Airway Management and Resuscitation; General,,Pharmacology/Marrow-Pearls/General-Pharmacology-ANS
PMO687,Agents affecting neuromuscular transmission,PMO687_agents-affecting-neuromuscular-transmission.md,Pharmacology; Physiology,Nerve Muscle Physiology; Autonomic Nervous System; ANS,images/PMO687_neuromuscular-transmission-diagram.svg,Pharmacology/Marrow-Pearls/General-Pharmacology-ANS
PMO719,Antiglaucoma drugs: Mechanism of lowering intraocular pressure (IOP) at a glance,PMO719_antiglaucoma-drugs-mechanism-of-lowering-intraocular-pressure-iop-at-a-glance.md,Ophthalmology; Pharmacology,Autonomic Nervous System; ANS; Glaucoma,,Pharmacology/Marrow-Pearls/General-Pharmacology-ANS
PMO854,Benign prostatic hyperplasia treatment,PMO854_benign-prostatic-hyperplasia-treatment.md,Pharmacology,Autonomic Nervous System; ANS,,Pharmacology/Marrow-Pearls/General-Pharmacology-ANS
PMO867,Muscarinic and Nicotinic Signs and symptoms of Organophosphorus Poisoning,PMO867_muscarinic-and-nicotinic-signs-and-symptoms-of-organophosphorus-poisoning.md,Forensic Medicine; Pharmacology,Autonomic Nervous System; ANS; Toxicology,,Pharmacology/Marrow-Pearls/General-Pharmacology-ANS
